{
  "weights": [
    -0.003039182086011955,
    -0.008573782915936657,
    0.0025566089495199867
  ],
  "intercept": 1.345417172697539,
  "meanX": [
    5.746416758544653,
    2.970231532524807,
    11.921719955898567
  ],
  "meanY": 1.332965821389195
}